well_id,N7_names,i7 Sequence,S5_Names,i5 Sequence
A1,N7_A1,CAAGCAGAAGACGGCATACGAGATCCACACAAGAGAGTCTCGTGGGCTCGG,S5_A1,AATGATACGGCGACCACCGAGATCTACACTTTAGTCATTGATCGTCGGCAGCGTC
A2,N7_A2,CAAGCAGAAGACGGCATACGAGATAGCCAATGTGGGGTCTCGTGGGCTCGG,S5_A2,AATGATACGGCGACCACCGAGATCTACACGCGTCTATCACCTCGTCGGCAGCGTC
A3,N7_A3,CAAGCAGAAGACGGCATACGAGATGTCAGATACCACGTCTCGTGGGCTCGG,S5_A3,AATGATACGGCGACCACCGAGATCTACACAAGATACAAGAGTCGTCGGCAGCGTC
A4,N7_A4,CAAGCAGAAGACGGCATACGAGATTTAGAGGGATGGGTCTCGTGGGCTCGG,S5_A4,AATGATACGGCGACCACCGAGATCTACACTGCTGTTATTTGTCGTCGGCAGCGTC
A5,N7_A5,CAAGCAGAAGACGGCATACGAGATATAAGCCTTCTGGTCTCGTGGGCTCGG,S5_A5,AATGATACGGCGACCACCGAGATCTACACGAGGATACACATTCGTCGGCAGCGTC
A6,N7_A6,CAAGCAGAAGACGGCATACGAGATGACCTCACGCCTGTCTCGTGGGCTCGG,S5_A6,AATGATACGGCGACCACCGAGATCTACACTATGACTCGGAATCGTCGGCAGCGTC
A7,N7_A7,CAAGCAGAAGACGGCATACGAGATTGCTGGTGGCTAGTCTCGTGGGCTCGG,S5_A7,AATGATACGGCGACCACCGAGATCTACACCCGCCCGCTCTATCGTCGGCAGCGTC
A8,N7_A8,CAAGCAGAAGACGGCATACGAGATGAACACCGAAGAGTCTCGTGGGCTCGG,S5_A8,AATGATACGGCGACCACCGAGATCTACACCGCTGCGGTTCCTCGTCGGCAGCGTC
A9,N7_A9,CAAGCAGAAGACGGCATACGAGATAGAGGACGAGGAGTCTCGTGGGCTCGG,S5_A9,AATGATACGGCGACCACCGAGATCTACACTCCGCTCGGTAATCGTCGGCAGCGTC
A10,N7_A10,CAAGCAGAAGACGGCATACGAGATGCGACCCAGCAAGTCTCGTGGGCTCGG,S5_A10,AATGATACGGCGACCACCGAGATCTACACCCCGCTTCGGTGTCGTCGGCAGCGTC
A11,N7_A11,CAAGCAGAAGACGGCATACGAGATTGGGCATTGTCCGTCTCGTGGGCTCGG,S5_A11,AATGATACGGCGACCACCGAGATCTACACCCTCACGCATCGTCGTCGGCAGCGTC
A12,N7_A12,CAAGCAGAAGACGGCATACGAGATTCCCGCTTAGGAGTCTCGTGGGCTCGG,S5_A12,AATGATACGGCGACCACCGAGATCTACACCAACTGATACAGTCGTCGGCAGCGTC
A13,N7_A13,CAAGCAGAAGACGGCATACGAGATTGGATTGTGATAGTCTCGTGGGCTCGG,S5_A13,AATGATACGGCGACCACCGAGATCTACACTCGGACTCCTCGTCGTCGGCAGCGTC
A14,N7_A14,CAAGCAGAAGACGGCATACGAGATACGGAAGTTCGGGTCTCGTGGGCTCGG,S5_A14,AATGATACGGCGACCACCGAGATCTACACGGGCGGTTATGGTCGTCGGCAGCGTC
A15,N7_A15,CAAGCAGAAGACGGCATACGAGATGAAGTTACCACGGTCTCGTGGGCTCGG,S5_A15,AATGATACGGCGACCACCGAGATCTACACCCAGCCATCCCGTCGTCGGCAGCGTC
A16,N7_A16,CAAGCAGAAGACGGCATACGAGATAGCATTCCTCTCGTCTCGTGGGCTCGG,S5_A16,AATGATACGGCGACCACCGAGATCTACACGGTCCAAGTCGGTCGTCGGCAGCGTC
A17,N7_A17,CAAGCAGAAGACGGCATACGAGATAAAGAACTTAGAGTCTCGTGGGCTCGG,S5_A17,AATGATACGGCGACCACCGAGATCTACACCGAGTAGCCCGCTCGTCGGCAGCGTC
A18,N7_A18,CAAGCAGAAGACGGCATACGAGATTTCTCTTGGTTAGTCTCGTGGGCTCGG,S5_A18,AATGATACGGCGACCACCGAGATCTACACCGAAACTCACTATCGTCGGCAGCGTC
A19,N7_A19,CAAGCAGAAGACGGCATACGAGATCTGGGTCACCAAGTCTCGTGGGCTCGG,S5_A19,AATGATACGGCGACCACCGAGATCTACACATGAGGCGGAGGTCGTCGGCAGCGTC
A20,N7_A20,CAAGCAGAAGACGGCATACGAGATAACAGCCTCTATGTCTCGTGGGCTCGG,S5_A20,AATGATACGGCGACCACCGAGATCTACACACTGGCTAAAGCTCGTCGGCAGCGTC
A21,N7_A21,CAAGCAGAAGACGGCATACGAGATTAAACGATGTATGTCTCGTGGGCTCGG,S5_A21,AATGATACGGCGACCACCGAGATCTACACGGGTGTCCTCCATCGTCGGCAGCGTC
A22,N7_A22,CAAGCAGAAGACGGCATACGAGATTAGGATGTCTGAGTCTCGTGGGCTCGG,S5_A22,AATGATACGGCGACCACCGAGATCTACACCCAGTTTCCTAATCGTCGGCAGCGTC
A23,N7_A23,CAAGCAGAAGACGGCATACGAGATTTTACGGTAGGAGTCTCGTGGGCTCGG,S5_A23,AATGATACGGCGACCACCGAGATCTACACACACCAGCAAGTTCGTCGGCAGCGTC
A24,N7_A24,CAAGCAGAAGACGGCATACGAGATTTTGGCGGAACGGTCTCGTGGGCTCGG,S5_A24,AATGATACGGCGACCACCGAGATCTACACACTTAGCGTCGGTCGTCGGCAGCGTC
B1,N7_B1,CAAGCAGAAGACGGCATACGAGATGCAAGGGCAAGCGTCTCGTGGGCTCGG,S5_B1,AATGATACGGCGACCACCGAGATCTACACAAGTGCTTTAGATCGTCGGCAGCGTC
B2,N7_B2,CAAGCAGAAGACGGCATACGAGATCTATGCCGTAGAGTCTCGTGGGCTCGG,S5_B2,AATGATACGGCGACCACCGAGATCTACACGCGATACTAATATCGTCGGCAGCGTC
B3,N7_B3,CAAGCAGAAGACGGCATACGAGATGGTGCTGGATTGGTCTCGTGGGCTCGG,S5_B3,AATGATACGGCGACCACCGAGATCTACACGGGTAGTATCCATCGTCGGCAGCGTC
B4,N7_B4,CAAGCAGAAGACGGCATACGAGATATACATAACTGTGTCTCGTGGGCTCGG,S5_B4,AATGATACGGCGACCACCGAGATCTACACACAGTGTAGTCGTCGTCGGCAGCGTC
B5,N7_B5,CAAGCAGAAGACGGCATACGAGATTACACACATAAAGTCTCGTGGGCTCGG,S5_B5,AATGATACGGCGACCACCGAGATCTACACGTGCCGCAATCGTCGTCGGCAGCGTC
B6,N7_B6,CAAGCAGAAGACGGCATACGAGATCGTTGGGCTCCCGTCTCGTGGGCTCGG,S5_B6,AATGATACGGCGACCACCGAGATCTACACCCTGGTGCGGGTTCGTCGGCAGCGTC
B7,N7_B7,CAAGCAGAAGACGGCATACGAGATATCATCGTGCCAGTCTCGTGGGCTCGG,S5_B7,AATGATACGGCGACCACCGAGATCTACACACGGCTATCCCATCGTCGGCAGCGTC
B8,N7_B8,CAAGCAGAAGACGGCATACGAGATTTTGGTATTTCCGTCTCGTGGGCTCGG,S5_B8,AATGATACGGCGACCACCGAGATCTACACATGGTCATAGAATCGTCGGCAGCGTC
B9,N7_B9,CAAGCAGAAGACGGCATACGAGATAACGAGACTGTAGTCTCGTGGGCTCGG,S5_B9,AATGATACGGCGACCACCGAGATCTACACCGAGCACCTTGATCGTCGGCAGCGTC
B10,N7_B10,CAAGCAGAAGACGGCATACGAGATTATTTACTGGGAGTCTCGTGGGCTCGG,S5_B10,AATGATACGGCGACCACCGAGATCTACACTCATTCACTAAATCGTCGGCAGCGTC
B11,N7_B11,CAAGCAGAAGACGGCATACGAGATCACCTAAGAACCGTCTCGTGGGCTCGG,S5_B11,AATGATACGGCGACCACCGAGATCTACACCACTTATGCTGATCGTCGGCAGCGTC
B12,N7_B12,CAAGCAGAAGACGGCATACGAGATTCGGGTCTTCGGGTCTCGTGGGCTCGG,S5_B12,AATGATACGGCGACCACCGAGATCTACACGTCAGCGGTAAATCGTCGGCAGCGTC
B13,N7_B13,CAAGCAGAAGACGGCATACGAGATGTGAGTTACCGAGTCTCGTGGGCTCGG,S5_B13,AATGATACGGCGACCACCGAGATCTACACCGTATTATGTGCTCGTCGGCAGCGTC
B14,N7_B14,CAAGCAGAAGACGGCATACGAGATGTTTCCGTCCTAGTCTCGTGGGCTCGG,S5_B14,AATGATACGGCGACCACCGAGATCTACACTCACATTCCAGGTCGTCGGCAGCGTC
B15,N7_B15,CAAGCAGAAGACGGCATACGAGATCATCCTAAACAAGTCTCGTGGGCTCGG,S5_B15,AATGATACGGCGACCACCGAGATCTACACCACTATTAGCAATCGTCGGCAGCGTC
B16,N7_B16,CAAGCAGAAGACGGCATACGAGATCTTGCGGACCGTGTCTCGTGGGCTCGG,S5_B16,AATGATACGGCGACCACCGAGATCTACACTCGCACTGGTTGTCGTCGGCAGCGTC
B17,N7_B17,CAAGCAGAAGACGGCATACGAGATACTCCGCTTGAAGTCTCGTGGGCTCGG,S5_B17,AATGATACGGCGACCACCGAGATCTACACCAGACTAAGCCCTCGTCGGCAGCGTC
B18,N7_B18,CAAGCAGAAGACGGCATACGAGATTCAGGAGTATGGGTCTCGTGGGCTCGG,S5_B18,AATGATACGGCGACCACCGAGATCTACACAACGCTCATCACTCGTCGGCAGCGTC
B19,N7_B19,CAAGCAGAAGACGGCATACGAGATCGTGATAGAACGGTCTCGTGGGCTCGG,S5_B19,AATGATACGGCGACCACCGAGATCTACACTCACACGGGAAATCGTCGGCAGCGTC
B20,N7_B20,CAAGCAGAAGACGGCATACGAGATTTTGCGTAGGTAGTCTCGTGGGCTCGG,S5_B20,AATGATACGGCGACCACCGAGATCTACACTCAGGGCGGAGGTCGTCGGCAGCGTC
B21,N7_B21,CAAGCAGAAGACGGCATACGAGATTCACCAAAGGCAGTCTCGTGGGCTCGG,S5_B21,AATGATACGGCGACCACCGAGATCTACACCCGAGTATGACCTCGTCGGCAGCGTC
B22,N7_B22,CAAGCAGAAGACGGCATACGAGATTAAGGCAGGGTAGTCTCGTGGGCTCGG,S5_B22,AATGATACGGCGACCACCGAGATCTACACCACAGTGCGTGATCGTCGGCAGCGTC
B23,N7_B23,CAAGCAGAAGACGGCATACGAGATGGGCACGGTATTGTCTCGTGGGCTCGG,S5_B23,AATGATACGGCGACCACCGAGATCTACACCTGGACTACAAATCGTCGGCAGCGTC
B24,N7_B24,CAAGCAGAAGACGGCATACGAGATTGTAGGCGAGGAGTCTCGTGGGCTCGG,S5_B24,AATGATACGGCGACCACCGAGATCTACACACCTTCAAATACTCGTCGGCAGCGTC
C1,N7_C1,CAAGCAGAAGACGGCATACGAGATCACACCTATGGCGTCTCGTGGGCTCGG,S5_C1,AATGATACGGCGACCACCGAGATCTACACCACCAACCGCTATCGTCGGCAGCGTC
C2,N7_C2,CAAGCAGAAGACGGCATACGAGATGAATAAACGGCGGTCTCGTGGGCTCGG,S5_C2,AATGATACGGCGACCACCGAGATCTACACGAAGTAACGCTGTCGTCGGCAGCGTC
C3,N7_C3,CAAGCAGAAGACGGCATACGAGATCCTATGGAACGCGTCTCGTGGGCTCGG,S5_C3,AATGATACGGCGACCACCGAGATCTACACGGAAGTGCTTGATCGTCGGCAGCGTC
C4,N7_C4,CAAGCAGAAGACGGCATACGAGATGTAATCTTTGAAGTCTCGTGGGCTCGG,S5_C4,AATGATACGGCGACCACCGAGATCTACACCGGAAGGACGGATCGTCGGCAGCGTC
C5,N7_C5,CAAGCAGAAGACGGCATACGAGATGAGTCGCTGCGTGTCTCGTGGGCTCGG,S5_C5,AATGATACGGCGACCACCGAGATCTACACGGAGTATTTACATCGTCGGCAGCGTC
C6,N7_C6,CAAGCAGAAGACGGCATACGAGATTAGAGAGCCCAAGTCTCGTGGGCTCGG,S5_C6,AATGATACGGCGACCACCGAGATCTACACTCGGGCGTCTAATCGTCGGCAGCGTC
C7,N7_C7,CAAGCAGAAGACGGCATACGAGATGCTGGTCGTGTAGTCTCGTGGGCTCGG,S5_C7,AATGATACGGCGACCACCGAGATCTACACAGACATCGGTCATCGTCGGCAGCGTC
C8,N7_C8,CAAGCAGAAGACGGCATACGAGATTGAACATAGTCAGTCTCGTGGGCTCGG,S5_C8,AATGATACGGCGACCACCGAGATCTACACCGATAAATCTTATCGTCGGCAGCGTC
C9,N7_C9,CAAGCAGAAGACGGCATACGAGATGACGCTTCTCGGGTCTCGTGGGCTCGG,S5_C9,AATGATACGGCGACCACCGAGATCTACACCAAACTCTGTGATCGTCGGCAGCGTC
C10,N7_C10,CAAGCAGAAGACGGCATACGAGATCAGTCTTATGCCGTCTCGTGGGCTCGG,S5_C10,AATGATACGGCGACCACCGAGATCTACACCGCTATCCCTCCTCGTCGGCAGCGTC
C11,N7_C11,CAAGCAGAAGACGGCATACGAGATGGACGACTCAAAGTCTCGTGGGCTCGG,S5_C11,AATGATACGGCGACCACCGAGATCTACACTTTAGATAGAAGTCGTCGGCAGCGTC
C12,N7_C12,CAAGCAGAAGACGGCATACGAGATAACCACATCGCTGTCTCGTGGGCTCGG,S5_C12,AATGATACGGCGACCACCGAGATCTACACCCAAGATTATGCTCGTCGGCAGCGTC
C13,N7_C13,CAAGCAGAAGACGGCATACGAGATTATGGTAGACTCGTCTCGTGGGCTCGG,S5_C13,AATGATACGGCGACCACCGAGATCTACACTTGGCTTCATACTCGTCGGCAGCGTC
C14,N7_C14,CAAGCAGAAGACGGCATACGAGATACTCTTCACCCGGTCTCGTGGGCTCGG,S5_C14,AATGATACGGCGACCACCGAGATCTACACGAAGCATTTCTTTCGTCGGCAGCGTC
C15,N7_C15,CAAGCAGAAGACGGCATACGAGATCGGATGGGAGCAGTCTCGTGGGCTCGG,S5_C15,AATGATACGGCGACCACCGAGATCTACACTAAAGATACGAATCGTCGGCAGCGTC
C16,N7_C16,CAAGCAGAAGACGGCATACGAGATTAAATCTTGAGAGTCTCGTGGGCTCGG,S5_C16,AATGATACGGCGACCACCGAGATCTACACAAAGGCGTAATATCGTCGGCAGCGTC
C17,N7_C17,CAAGCAGAAGACGGCATACGAGATACGGTAATCAGAGTCTCGTGGGCTCGG,S5_C17,AATGATACGGCGACCACCGAGATCTACACCCATACAGGCAATCGTCGGCAGCGTC
C18,N7_C18,CAAGCAGAAGACGGCATACGAGATGTGGGACAACGCGTCTCGTGGGCTCGG,S5_C18,AATGATACGGCGACCACCGAGATCTACACAGGATAGCGGTCTCGTCGGCAGCGTC
C19,N7_C19,CAAGCAGAAGACGGCATACGAGATTACTATTGGACGGTCTCGTGGGCTCGG,S5_C19,AATGATACGGCGACCACCGAGATCTACACAGAATACTCCAATCGTCGGCAGCGTC
C20,N7_C20,CAAGCAGAAGACGGCATACGAGATTTAGTTCGCAAAGTCTCGTGGGCTCGG,S5_C20,AATGATACGGCGACCACCGAGATCTACACAGACCTTTAGTTTCGTCGGCAGCGTC
C21,N7_C21,CAAGCAGAAGACGGCATACGAGATAACCCATACTTTGTCTCGTGGGCTCGG,S5_C21,AATGATACGGCGACCACCGAGATCTACACACGGAGTCGCTGTCGTCGGCAGCGTC
C22,N7_C22,CAAGCAGAAGACGGCATACGAGATTAAACACACCTCGTCTCGTGGGCTCGG,S5_C22,AATGATACGGCGACCACCGAGATCTACACCCGATGCCCACTTCGTCGGCAGCGTC
C23,N7_C23,CAAGCAGAAGACGGCATACGAGATTGGAATCTGTCTGTCTCGTGGGCTCGG,S5_C23,AATGATACGGCGACCACCGAGATCTACACAGAGGTGAATGATCGTCGGCAGCGTC
C24,N7_C24,CAAGCAGAAGACGGCATACGAGATTCCAGCAAATGAGTCTCGTGGGCTCGG,S5_C24,AATGATACGGCGACCACCGAGATCTACACGTCTTTGACCTCTCGTCGGCAGCGTC
D1,N7_D1,CAAGCAGAAGACGGCATACGAGATAAACCACAAGGGGTCTCGTGGGCTCGG,S5_D1,AATGATACGGCGACCACCGAGATCTACACCTGCGGCTCAAATCGTCGGCAGCGTC
D2,N7_D2,CAAGCAGAAGACGGCATACGAGATTTCCAATCGTGGGTCTCGTGGGCTCGG,S5_D2,AATGATACGGCGACCACCGAGATCTACACTTCTGGTTACAATCGTCGGCAGCGTC
D3,N7_D3,CAAGCAGAAGACGGCATACGAGATGCATCAATGTGAGTCTCGTGGGCTCGG,S5_D3,AATGATACGGCGACCACCGAGATCTACACCAGACCTGTTCCTCGTCGGCAGCGTC
D4,N7_D4,CAAGCAGAAGACGGCATACGAGATTCAGAGCCTTGCGTCTCGTGGGCTCGG,S5_D4,AATGATACGGCGACCACCGAGATCTACACCTGGGCGTATCGTCGTCGGCAGCGTC
D5,N7_D5,CAAGCAGAAGACGGCATACGAGATAATCCAATCGGAGTCTCGTGGGCTCGG,S5_D5,AATGATACGGCGACCACCGAGATCTACACAAGTTATGCCGTTCGTCGGCAGCGTC
D6,N7_D6,CAAGCAGAAGACGGCATACGAGATCTTATTTCGCTAGTCTCGTGGGCTCGG,S5_D6,AATGATACGGCGACCACCGAGATCTACACCCGTTCCAAACATCGTCGGCAGCGTC
D7,N7_D7,CAAGCAGAAGACGGCATACGAGATCTGTAAAGACTGGTCTCGTGGGCTCGG,S5_D7,AATGATACGGCGACCACCGAGATCTACACGCTATTTGCGGATCGTCGGCAGCGTC
D8,N7_D8,CAAGCAGAAGACGGCATACGAGATAACCGTAAGTCAGTCTCGTGGGCTCGG,S5_D8,AATGATACGGCGACCACCGAGATCTACACCTTATTTACACATCGTCGGCAGCGTC
D9,N7_D9,CAAGCAGAAGACGGCATACGAGATCGAGACCCTTCGGTCTCGTGGGCTCGG,S5_D9,AATGATACGGCGACCACCGAGATCTACACAAATAGTATGGCTCGTCGGCAGCGTC
D10,N7_D10,CAAGCAGAAGACGGCATACGAGATCGTTTATTATCAGTCTCGTGGGCTCGG,S5_D10,AATGATACGGCGACCACCGAGATCTACACCATAGGCGGGTATCGTCGGCAGCGTC
D11,N7_D11,CAAGCAGAAGACGGCATACGAGATGGTGGGACACTTGTCTCGTGGGCTCGG,S5_D11,AATGATACGGCGACCACCGAGATCTACACAAATCGGGCTTGTCGTCGGCAGCGTC
D12,N7_D12,CAAGCAGAAGACGGCATACGAGATCAAGAACCATTAGTCTCGTGGGCTCGG,S5_D12,AATGATACGGCGACCACCGAGATCTACACTAGAGTTATGGATCGTCGGCAGCGTC
D13,N7_D13,CAAGCAGAAGACGGCATACGAGATCAAGGGTGGGAAGTCTCGTGGGCTCGG,S5_D13,AATGATACGGCGACCACCGAGATCTACACTGGGTATCCTTATCGTCGGCAGCGTC
D14,N7_D14,CAAGCAGAAGACGGCATACGAGATAAATGGGATTCAGTCTCGTGGGCTCGG,S5_D14,AATGATACGGCGACCACCGAGATCTACACAACGGGTTGATATCGTCGGCAGCGTC
D15,N7_D15,CAAGCAGAAGACGGCATACGAGATGGGATGATAGAAGTCTCGTGGGCTCGG,S5_D15,AATGATACGGCGACCACCGAGATCTACACAACGGCTTCCCTTCGTCGGCAGCGTC
D16,N7_D16,CAAGCAGAAGACGGCATACGAGATCCCTTCTTGCCCGTCTCGTGGGCTCGG,S5_D16,AATGATACGGCGACCACCGAGATCTACACCTGTAGCAACTCTCGTCGGCAGCGTC
D17,N7_D17,CAAGCAGAAGACGGCATACGAGATTTTGGCTATCTAGTCTCGTGGGCTCGG,S5_D17,AATGATACGGCGACCACCGAGATCTACACTGTTAGCGTAAATCGTCGGCAGCGTC
D18,N7_D18,CAAGCAGAAGACGGCATACGAGATTACATTGTCGTAGTCTCGTGGGCTCGG,S5_D18,AATGATACGGCGACCACCGAGATCTACACCGGATAACCCTCTCGTCGGCAGCGTC
D19,N7_D19,CAAGCAGAAGACGGCATACGAGATGTAATAGACTACGTCTCGTGGGCTCGG,S5_D19,AATGATACGGCGACCACCGAGATCTACACTAAATAAGCCAATCGTCGGCAGCGTC
D20,N7_D20,CAAGCAGAAGACGGCATACGAGATCGCCGTTATCAAGTCTCGTGGGCTCGG,S5_D20,AATGATACGGCGACCACCGAGATCTACACCTTGGTCCTCGTTCGTCGGCAGCGTC
D21,N7_D21,CAAGCAGAAGACGGCATACGAGATACGCTGCCCGAAGTCTCGTGGGCTCGG,S5_D21,AATGATACGGCGACCACCGAGATCTACACGACGCATCTAAATCGTCGGCAGCGTC
D22,N7_D22,CAAGCAGAAGACGGCATACGAGATATCGCTAATCTAGTCTCGTGGGCTCGG,S5_D22,AATGATACGGCGACCACCGAGATCTACACTAGCCCTTGGCATCGTCGGCAGCGTC
D23,N7_D23,CAAGCAGAAGACGGCATACGAGATCTTGACTTAGTAGTCTCGTGGGCTCGG,S5_D23,AATGATACGGCGACCACCGAGATCTACACCGGATTCAACCATCGTCGGCAGCGTC
D24,N7_D24,CAAGCAGAAGACGGCATACGAGATGAGTTACTTAGAGTCTCGTGGGCTCGG,S5_D24,AATGATACGGCGACCACCGAGATCTACACACGGACCAAGACTCGTCGGCAGCGTC
E1,N7_E1,CAAGCAGAAGACGGCATACGAGATTCAGACTTGTGCGTCTCGTGGGCTCGG,S5_E1,AATGATACGGCGACCACCGAGATCTACACCCGATAGGGATATCGTCGGCAGCGTC
E2,N7_E2,CAAGCAGAAGACGGCATACGAGATTTACTCACCAGAGTCTCGTGGGCTCGG,S5_E2,AATGATACGGCGACCACCGAGATCTACACCCAAACTTTAGATCGTCGGCAGCGTC
E3,N7_E3,CAAGCAGAAGACGGCATACGAGATTGGTGCCGCCTGGTCTCGTGGGCTCGG,S5_E3,AATGATACGGCGACCACCGAGATCTACACTGGTGGACTAAATCGTCGGCAGCGTC
E4,N7_E4,CAAGCAGAAGACGGCATACGAGATCACCGAATGGGTGTCTCGTGGGCTCGG,S5_E4,AATGATACGGCGACCACCGAGATCTACACGTTGAAGTTTAGTCGTCGGCAGCGTC
E5,N7_E5,CAAGCAGAAGACGGCATACGAGATGGGAGGAAAGTCGTCTCGTGGGCTCGG,S5_E5,AATGATACGGCGACCACCGAGATCTACACAGTGCGTCATCATCGTCGGCAGCGTC
E6,N7_E6,CAAGCAGAAGACGGCATACGAGATTCGGTGAGTAGCGTCTCGTGGGCTCGG,S5_E6,AATGATACGGCGACCACCGAGATCTACACTCAAATGTCATATCGTCGGCAGCGTC
E7,N7_E7,CAAGCAGAAGACGGCATACGAGATAACTTACCAGGCGTCTCGTGGGCTCGG,S5_E7,AATGATACGGCGACCACCGAGATCTACACGTGCCCGTATTGTCGTCGGCAGCGTC
E8,N7_E8,CAAGCAGAAGACGGCATACGAGATAGATTATGGCTGGTCTCGTGGGCTCGG,S5_E8,AATGATACGGCGACCACCGAGATCTACACCCCTGGTCATCGTCGTCGGCAGCGTC
E9,N7_E9,CAAGCAGAAGACGGCATACGAGATTCCAGCGGTGGGGTCTCGTGGGCTCGG,S5_E9,AATGATACGGCGACCACCGAGATCTACACGAACCAGACAAATCGTCGGCAGCGTC
E10,N7_E10,CAAGCAGAAGACGGCATACGAGATTAATACGCCTATGTCTCGTGGGCTCGG,S5_E10,AATGATACGGCGACCACCGAGATCTACACACGGGCTGTTGATCGTCGGCAGCGTC
E11,N7_E11,CAAGCAGAAGACGGCATACGAGATGTCTAACCGCCGGTCTCGTGGGCTCGG,S5_E11,AATGATACGGCGACCACCGAGATCTACACCACGGTGTTACATCGTCGGCAGCGTC
E12,N7_E12,CAAGCAGAAGACGGCATACGAGATCTTTCTGTGTTGGTCTCGTGGGCTCGG,S5_E12,AATGATACGGCGACCACCGAGATCTACACGACAGGCAGCAATCGTCGGCAGCGTC
E13,N7_E13,CAAGCAGAAGACGGCATACGAGATTTAGGTAAGTTCGTCTCGTGGGCTCGG,S5_E13,AATGATACGGCGACCACCGAGATCTACACGATTGGGTGTCGTCGTCGGCAGCGTC
E14,N7_E14,CAAGCAGAAGACGGCATACGAGATCTGCCGTTAGGGGTCTCGTGGGCTCGG,S5_E14,AATGATACGGCGACCACCGAGATCTACACCTCATTGACCAATCGTCGGCAGCGTC
E15,N7_E15,CAAGCAGAAGACGGCATACGAGATACATTCACTGTCGTCTCGTGGGCTCGG,S5_E15,AATGATACGGCGACCACCGAGATCTACACGACGAGAACTTCTCGTCGGCAGCGTC
E16,N7_E16,CAAGCAGAAGACGGCATACGAGATTCGGGCAAGGCAGTCTCGTGGGCTCGG,S5_E16,AATGATACGGCGACCACCGAGATCTACACAGTCAAAGGTCGTCGTCGGCAGCGTC
E17,N7_E17,CAAGCAGAAGACGGCATACGAGATGAACTGTCCATTGTCTCGTGGGCTCGG,S5_E17,AATGATACGGCGACCACCGAGATCTACACGTGAAACTATGATCGTCGGCAGCGTC
E18,N7_E18,CAAGCAGAAGACGGCATACGAGATTTAGCAAGTCGGGTCTCGTGGGCTCGG,S5_E18,AATGATACGGCGACCACCGAGATCTACACCATAGTTAGGCGTCGTCGGCAGCGTC
E19,N7_E19,CAAGCAGAAGACGGCATACGAGATAGGTCCGCCGACGTCTCGTGGGCTCGG,S5_E19,AATGATACGGCGACCACCGAGATCTACACTAGGTAACTAAATCGTCGGCAGCGTC
E20,N7_E20,CAAGCAGAAGACGGCATACGAGATGTGTTAGACAGAGTCTCGTGGGCTCGG,S5_E20,AATGATACGGCGACCACCGAGATCTACACAGTTTACGGTCATCGTCGGCAGCGTC
E21,N7_E21,CAAGCAGAAGACGGCATACGAGATGAGCGACAAGGAGTCTCGTGGGCTCGG,S5_E21,AATGATACGGCGACCACCGAGATCTACACTGCTGGAAGTTTTCGTCGGCAGCGTC
E22,N7_E22,CAAGCAGAAGACGGCATACGAGATAACTTGTAGGGAGTCTCGTGGGCTCGG,S5_E22,AATGATACGGCGACCACCGAGATCTACACCACCTCGGCTAATCGTCGGCAGCGTC
E23,N7_E23,CAAGCAGAAGACGGCATACGAGATTCATCGGGAGGGGTCTCGTGGGCTCGG,S5_E23,AATGATACGGCGACCACCGAGATCTACACCTAAGAGAAGTCTCGTCGGCAGCGTC
E24,N7_E24,CAAGCAGAAGACGGCATACGAGATCTCGGGTGTGACGTCTCGTGGGCTCGG,S5_E24,AATGATACGGCGACCACCGAGATCTACACAATCTCGGGTGCTCGTCGGCAGCGTC
F1,N7_F1,CAAGCAGAAGACGGCATACGAGATCCCAGGGAGCACGTCTCGTGGGCTCGG,S5_F1,AATGATACGGCGACCACCGAGATCTACACGTTCAGGCTATGTCGTCGGCAGCGTC
F2,N7_F2,CAAGCAGAAGACGGCATACGAGATCCATAAACCGCAGTCTCGTGGGCTCGG,S5_F2,AATGATACGGCGACCACCGAGATCTACACTATGACCAGCGGTCGTCGGCAGCGTC
F3,N7_F3,CAAGCAGAAGACGGCATACGAGATATTCGGGCACAAGTCTCGTGGGCTCGG,S5_F3,AATGATACGGCGACCACCGAGATCTACACATCGGCTTACGATCGTCGGCAGCGTC
F4,N7_F4,CAAGCAGAAGACGGCATACGAGATTCAAACTCAGCAGTCTCGTGGGCTCGG,S5_F4,AATGATACGGCGACCACCGAGATCTACACTGCCTCCCAACATCGTCGGCAGCGTC
F5,N7_F5,CAAGCAGAAGACGGCATACGAGATGCGAACAACAAAGTCTCGTGGGCTCGG,S5_F5,AATGATACGGCGACCACCGAGATCTACACTATCTTTGAGGGTCGTCGGCAGCGTC
F6,N7_F6,CAAGCAGAAGACGGCATACGAGATCAGTGCGTTACCGTCTCGTGGGCTCGG,S5_F6,AATGATACGGCGACCACCGAGATCTACACCTATCCTATCGCTCGTCGGCAGCGTC
F7,N7_F7,CAAGCAGAAGACGGCATACGAGATGATTTGGAGTAAGTCTCGTGGGCTCGG,S5_F7,AATGATACGGCGACCACCGAGATCTACACCCGTGTGTAGGGTCGTCGGCAGCGTC
F8,N7_F8,CAAGCAGAAGACGGCATACGAGATGGTGAAAGCCCGGTCTCGTGGGCTCGG,S5_F8,AATGATACGGCGACCACCGAGATCTACACAGAGGAATACCGTCGTCGGCAGCGTC
F9,N7_F9,CAAGCAGAAGACGGCATACGAGATACGGTTCACGGGGTCTCGTGGGCTCGG,S5_F9,AATGATACGGCGACCACCGAGATCTACACAACCAGAAGCGATCGTCGGCAGCGTC
F10,N7_F10,CAAGCAGAAGACGGCATACGAGATTAAGAATAAGCGGTCTCGTGGGCTCGG,S5_F10,AATGATACGGCGACCACCGAGATCTACACTGTAGACACAAATCGTCGGCAGCGTC
F11,N7_F11,CAAGCAGAAGACGGCATACGAGATGGTAACGGACAAGTCTCGTGGGCTCGG,S5_F11,AATGATACGGCGACCACCGAGATCTACACTCAAACAGGGCTTCGTCGGCAGCGTC
F12,N7_F12,CAAGCAGAAGACGGCATACGAGATACAGTTATTTGGGTCTCGTGGGCTCGG,S5_F12,AATGATACGGCGACCACCGAGATCTACACTAGAGAAGATTTTCGTCGGCAGCGTC
F13,N7_F13,CAAGCAGAAGACGGCATACGAGATTGTTTGGAGTTCGTCTCGTGGGCTCGG,S5_F13,AATGATACGGCGACCACCGAGATCTACACAACAAACAAGTTTCGTCGGCAGCGTC
F14,N7_F14,CAAGCAGAAGACGGCATACGAGATCGGAAGTAATGTGTCTCGTGGGCTCGG,S5_F14,AATGATACGGCGACCACCGAGATCTACACTGCCCTACAGCCTCGTCGGCAGCGTC
F15,N7_F15,CAAGCAGAAGACGGCATACGAGATGCCATCACTGAAGTCTCGTGGGCTCGG,S5_F15,AATGATACGGCGACCACCGAGATCTACACTATCTGTGCTGATCGTCGGCAGCGTC
F16,N7_F16,CAAGCAGAAGACGGCATACGAGATCATAAATCAGGCGTCTCGTGGGCTCGG,S5_F16,AATGATACGGCGACCACCGAGATCTACACGGCTTGATTACATCGTCGGCAGCGTC
F17,N7_F17,CAAGCAGAAGACGGCATACGAGATATTTCCTCACAGGTCTCGTGGGCTCGG,S5_F17,AATGATACGGCGACCACCGAGATCTACACCCTGGTAAGTGGTCGTCGGCAGCGTC
F18,N7_F18,CAAGCAGAAGACGGCATACGAGATCCGACGATTACAGTCTCGTGGGCTCGG,S5_F18,AATGATACGGCGACCACCGAGATCTACACCTACGCAACCCGTCGTCGGCAGCGTC
F19,N7_F19,CAAGCAGAAGACGGCATACGAGATTCACGAACTACGGTCTCGTGGGCTCGG,S5_F19,AATGATACGGCGACCACCGAGATCTACACCTGCCATCCTTGTCGTCGGCAGCGTC
F20,N7_F20,CAAGCAGAAGACGGCATACGAGATCATTCAAACCCGGTCTCGTGGGCTCGG,S5_F20,AATGATACGGCGACCACCGAGATCTACACTTGCGGGCGGGATCGTCGGCAGCGTC
F21,N7_F21,CAAGCAGAAGACGGCATACGAGATTTCCTTGTCCCAGTCTCGTGGGCTCGG,S5_F21,AATGATACGGCGACCACCGAGATCTACACTGTGGAATCTTCTCGTCGGCAGCGTC
F22,N7_F22,CAAGCAGAAGACGGCATACGAGATTCACCTACATAAGTCTCGTGGGCTCGG,S5_F22,AATGATACGGCGACCACCGAGATCTACACCTGTGGTCTTCATCGTCGGCAGCGTC
F23,N7_F23,CAAGCAGAAGACGGCATACGAGATTAACAACATCAAGTCTCGTGGGCTCGG,S5_F23,AATGATACGGCGACCACCGAGATCTACACCTCGTATGAATATCGTCGGCAGCGTC
F24,N7_F24,CAAGCAGAAGACGGCATACGAGATGACCTGATTGACGTCTCGTGGGCTCGG,S5_F24,AATGATACGGCGACCACCGAGATCTACACAAGCGAGGAGGTTCGTCGGCAGCGTC
G1,N7_G1,CAAGCAGAAGACGGCATACGAGATACGCAGAGGTGAGTCTCGTGGGCTCGG,S5_G1,AATGATACGGCGACCACCGAGATCTACACATCATTTGCTGGTCGTCGGCAGCGTC
G2,N7_G2,CAAGCAGAAGACGGCATACGAGATATGGTCGTCGGCGTCTCGTGGGCTCGG,S5_G2,AATGATACGGCGACCACCGAGATCTACACAGCCGTTCAGGGTCGTCGGCAGCGTC
G3,N7_G3,CAAGCAGAAGACGGCATACGAGATGCGGTTCTCAAAGTCTCGTGGGCTCGG,S5_G3,AATGATACGGCGACCACCGAGATCTACACCACCAGTTCCAATCGTCGGCAGCGTC
G4,N7_G4,CAAGCAGAAGACGGCATACGAGATGAGTCCATCTGAGTCTCGTGGGCTCGG,S5_G4,AATGATACGGCGACCACCGAGATCTACACCGGAAACAGCAATCGTCGGCAGCGTC
G5,N7_G5,CAAGCAGAAGACGGCATACGAGATGTGACGGGCGGAGTCTCGTGGGCTCGG,S5_G5,AATGATACGGCGACCACCGAGATCTACACCGGCGATTCGGCTCGTCGGCAGCGTC
G6,N7_G6,CAAGCAGAAGACGGCATACGAGATCTCTCCATAGCAGTCTCGTGGGCTCGG,S5_G6,AATGATACGGCGACCACCGAGATCTACACCCTCCCTTCTGCTCGTCGGCAGCGTC
G7,N7_G7,CAAGCAGAAGACGGCATACGAGATGAGATAACCCGAGTCTCGTGGGCTCGG,S5_G7,AATGATACGGCGACCACCGAGATCTACACGCAAAGATGTTCTCGTCGGCAGCGTC
G8,N7_G8,CAAGCAGAAGACGGCATACGAGATCGGCAGTTACGAGTCTCGTGGGCTCGG,S5_G8,AATGATACGGCGACCACCGAGATCTACACTTCTGTTGCGAATCGTCGGCAGCGTC
G9,N7_G9,CAAGCAGAAGACGGCATACGAGATTGGTTTGTCGGGGTCTCGTGGGCTCGG,S5_G9,AATGATACGGCGACCACCGAGATCTACACAAATGTGTTCGGTCGTCGGCAGCGTC
G10,N7_G10,CAAGCAGAAGACGGCATACGAGATCCCGTAGTAGCGGTCTCGTGGGCTCGG,S5_G10,AATGATACGGCGACCACCGAGATCTACACAGAAGTCGGTGCTCGTCGGCAGCGTC
G11,N7_G11,CAAGCAGAAGACGGCATACGAGATGTGCGACTACTAGTCTCGTGGGCTCGG,S5_G11,AATGATACGGCGACCACCGAGATCTACACGGGACTTGGACCTCGTCGGCAGCGTC
G12,N7_G12,CAAGCAGAAGACGGCATACGAGATTCGTTTATTTGAGTCTCGTGGGCTCGG,S5_G12,AATGATACGGCGACCACCGAGATCTACACATCGGAAACCTGTCGTCGGCAGCGTC
G13,N7_G13,CAAGCAGAAGACGGCATACGAGATCGACACCTGGTAGTCTCGTGGGCTCGG,S5_G13,AATGATACGGCGACCACCGAGATCTACACTCTGTATCCGTGTCGTCGGCAGCGTC
G14,N7_G14,CAAGCAGAAGACGGCATACGAGATAAATCATAGGAGGTCTCGTGGGCTCGG,S5_G14,AATGATACGGCGACCACCGAGATCTACACCGTAGATGGGAATCGTCGGCAGCGTC
G15,N7_G15,CAAGCAGAAGACGGCATACGAGATACAGGGATTGAAGTCTCGTGGGCTCGG,S5_G15,AATGATACGGCGACCACCGAGATCTACACTCTATCCTTCTGTCGTCGGCAGCGTC
G16,N7_G16,CAAGCAGAAGACGGCATACGAGATAGACGATTAGAAGTCTCGTGGGCTCGG,S5_G16,AATGATACGGCGACCACCGAGATCTACACTCCTCGGATGGATCGTCGGCAGCGTC
G17,N7_G17,CAAGCAGAAGACGGCATACGAGATCGGATACTTTGAGTCTCGTGGGCTCGG,S5_G17,AATGATACGGCGACCACCGAGATCTACACCGGGCAAATCAATCGTCGGCAGCGTC
G18,N7_G18,CAAGCAGAAGACGGCATACGAGATGAACTCGGCGATGTCTCGTGGGCTCGG,S5_G18,AATGATACGGCGACCACCGAGATCTACACTTTCGTTACACGTCGTCGGCAGCGTC
G19,N7_G19,CAAGCAGAAGACGGCATACGAGATCAACACGAATCTGTCTCGTGGGCTCGG,S5_G19,AATGATACGGCGACCACCGAGATCTACACACATTCTGGAAATCGTCGGCAGCGTC
G20,N7_G20,CAAGCAGAAGACGGCATACGAGATGCCGTTATGATGGTCTCGTGGGCTCGG,S5_G20,AATGATACGGCGACCACCGAGATCTACACCGGGCAAGTGCTTCGTCGGCAGCGTC
G21,N7_G21,CAAGCAGAAGACGGCATACGAGATCACACATAACTAGTCTCGTGGGCTCGG,S5_G21,AATGATACGGCGACCACCGAGATCTACACCCACTTGCTGGATCGTCGGCAGCGTC
G22,N7_G22,CAAGCAGAAGACGGCATACGAGATCAAGAAAGTTGAGTCTCGTGGGCTCGG,S5_G22,AATGATACGGCGACCACCGAGATCTACACGCTTCACTCCATTCGTCGGCAGCGTC
G23,N7_G23,CAAGCAGAAGACGGCATACGAGATCCAGTGCGACCAGTCTCGTGGGCTCGG,S5_G23,AATGATACGGCGACCACCGAGATCTACACCCTTGCTGCTGATCGTCGGCAGCGTC
G24,N7_G24,CAAGCAGAAGACGGCATACGAGATTAAAGACGCAGAGTCTCGTGGGCTCGG,S5_G24,AATGATACGGCGACCACCGAGATCTACACAAATAACGAAGTTCGTCGGCAGCGTC
H1,N7_H1,CAAGCAGAAGACGGCATACGAGATTCGGTAGTATTCGTCTCGTGGGCTCGG,S5_H1,AATGATACGGCGACCACCGAGATCTACACGCAGAGAACCCATCGTCGGCAGCGTC
H2,N7_H2,CAAGCAGAAGACGGCATACGAGATACACGCAAGGCTGTCTCGTGGGCTCGG,S5_H2,AATGATACGGCGACCACCGAGATCTACACAGGCGACCGTGGTCGTCGGCAGCGTC
H3,N7_H3,CAAGCAGAAGACGGCATACGAGATATCGTTTGACTTGTCTCGTGGGCTCGG,S5_H3,AATGATACGGCGACCACCGAGATCTACACACTGCTCGCACATCGTCGGCAGCGTC
H4,N7_H4,CAAGCAGAAGACGGCATACGAGATATACTCGGTAAAGTCTCGTGGGCTCGG,S5_H4,AATGATACGGCGACCACCGAGATCTACACGCACTGATGGAATCGTCGGCAGCGTC
H5,N7_H5,CAAGCAGAAGACGGCATACGAGATTACATCGCAAGCGTCTCGTGGGCTCGG,S5_H5,AATGATACGGCGACCACCGAGATCTACACAACTTGCTGTGCTCGTCGGCAGCGTC
H6,N7_H6,CAAGCAGAAGACGGCATACGAGATCTTCAAGAGAAAGTCTCGTGGGCTCGG,S5_H6,AATGATACGGCGACCACCGAGATCTACACGTGGTATGGAGCTCGTCGGCAGCGTC
H7,N7_H7,CAAGCAGAAGACGGCATACGAGATAGGGTTACTTTAGTCTCGTGGGCTCGG,S5_H7,AATGATACGGCGACCACCGAGATCTACACGCAAAGTTACGCTCGTCGGCAGCGTC
H8,N7_H8,CAAGCAGAAGACGGCATACGAGATGCCCAGTTGCTCGTCTCGTGGGCTCGG,S5_H8,AATGATACGGCGACCACCGAGATCTACACTTGAGGATTTCATCGTCGGCAGCGTC
H9,N7_H9,CAAGCAGAAGACGGCATACGAGATAGCACCAACGGGGTCTCGTGGGCTCGG,S5_H9,AATGATACGGCGACCACCGAGATCTACACTGAAGGCTTGGGTCGTCGGCAGCGTC
H10,N7_H10,CAAGCAGAAGACGGCATACGAGATTTATCTTCTAAGGTCTCGTGGGCTCGG,S5_H10,AATGATACGGCGACCACCGAGATCTACACAACTGCGTCGGATCGTCGGCAGCGTC
H11,N7_H11,CAAGCAGAAGACGGCATACGAGATATTTCGGCTCCAGTCTCGTGGGCTCGG,S5_H11,AATGATACGGCGACCACCGAGATCTACACCCAAAGTGGTGTTCGTCGGCAGCGTC
H12,N7_H12,CAAGCAGAAGACGGCATACGAGATTTGTTGCTCAGAGTCTCGTGGGCTCGG,S5_H12,AATGATACGGCGACCACCGAGATCTACACGCACCGTTATTTTCGTCGGCAGCGTC
H13,N7_H13,CAAGCAGAAGACGGCATACGAGATGAACGCCCGACCGTCTCGTGGGCTCGG,S5_H13,AATGATACGGCGACCACCGAGATCTACACGATAGATACTTATCGTCGGCAGCGTC
H14,N7_H14,CAAGCAGAAGACGGCATACGAGATAAGAAGTGTAGAGTCTCGTGGGCTCGG,S5_H14,AATGATACGGCGACCACCGAGATCTACACTGGAAACAATCATCGTCGGCAGCGTC
H15,N7_H15,CAAGCAGAAGACGGCATACGAGATGCAAATCACTAAGTCTCGTGGGCTCGG,S5_H15,AATGATACGGCGACCACCGAGATCTACACTCACCCATTGAATCGTCGGCAGCGTC
H16,N7_H16,CAAGCAGAAGACGGCATACGAGATGACTTCACACTAGTCTCGTGGGCTCGG,S5_H16,AATGATACGGCGACCACCGAGATCTACACAATGTATCGCAGTCGTCGGCAGCGTC
H17,N7_H17,CAAGCAGAAGACGGCATACGAGATCACGCCTCGTAAGTCTCGTGGGCTCGG,S5_H17,AATGATACGGCGACCACCGAGATCTACACGGGTAGGGACGGTCGTCGGCAGCGTC
H18,N7_H18,CAAGCAGAAGACGGCATACGAGATTACGATGTGTTGGTCTCGTGGGCTCGG,S5_H18,AATGATACGGCGACCACCGAGATCTACACGACTTTGGCGTGTCGTCGGCAGCGTC
H19,N7_H19,CAAGCAGAAGACGGCATACGAGATACACGCATCTCCGTCTCGTGGGCTCGG,S5_H19,AATGATACGGCGACCACCGAGATCTACACTCTCAGGCTAAATCGTCGGCAGCGTC
H20,N7_H20,CAAGCAGAAGACGGCATACGAGATGGGCGGTAAGAAGTCTCGTGGGCTCGG,S5_H20,AATGATACGGCGACCACCGAGATCTACACGCACCAGACTCGTCGTCGGCAGCGTC
H21,N7_H21,CAAGCAGAAGACGGCATACGAGATCCCGTAGCGTGGGTCTCGTGGGCTCGG,S5_H21,AATGATACGGCGACCACCGAGATCTACACGCTTAGTTGATGTCGTCGGCAGCGTC
H22,N7_H22,CAAGCAGAAGACGGCATACGAGATGCAAATGCTCCGGTCTCGTGGGCTCGG,S5_H22,AATGATACGGCGACCACCGAGATCTACACAACCCATTGAGATCGTCGGCAGCGTC
H23,N7_H23,CAAGCAGAAGACGGCATACGAGATGGCTCTAAAGAAGTCTCGTGGGCTCGG,S5_H23,AATGATACGGCGACCACCGAGATCTACACGCCAACTCCTGATCGTCGGCAGCGTC
H24,N7_H24,CAAGCAGAAGACGGCATACGAGATCAGCACTTCAGAGTCTCGTGGGCTCGG,S5_H24,AATGATACGGCGACCACCGAGATCTACACCTCAACTCGCAATCGTCGGCAGCGTC
I1,N7_I1,CAAGCAGAAGACGGCATACGAGATTAATGTGGATGAGTCTCGTGGGCTCGG,S5_I1,AATGATACGGCGACCACCGAGATCTACACTTGCCCGTTATCTCGTCGGCAGCGTC
I2,N7_I2,CAAGCAGAAGACGGCATACGAGATATTTATGCTTCTGTCTCGTGGGCTCGG,S5_I2,AATGATACGGCGACCACCGAGATCTACACTTCGCTGGGATGTCGTCGGCAGCGTC
I3,N7_I3,CAAGCAGAAGACGGCATACGAGATATAGACGCATTCGTCTCGTGGGCTCGG,S5_I3,AATGATACGGCGACCACCGAGATCTACACTCGCTGCGGAAATCGTCGGCAGCGTC
I4,N7_I4,CAAGCAGAAGACGGCATACGAGATTACCACCACAAGGTCTCGTGGGCTCGG,S5_I4,AATGATACGGCGACCACCGAGATCTACACTCACTCGTATTGTCGTCGGCAGCGTC
I5,N7_I5,CAAGCAGAAGACGGCATACGAGATGAACGGTGGACTGTCTCGTGGGCTCGG,S5_I5,AATGATACGGCGACCACCGAGATCTACACGCTGGGAATGGGTCGTCGGCAGCGTC
I6,N7_I6,CAAGCAGAAGACGGCATACGAGATCAGAAACTCGTCGTCTCGTGGGCTCGG,S5_I6,AATGATACGGCGACCACCGAGATCTACACTATCCGAGACGGTCGTCGGCAGCGTC
I7,N7_I7,CAAGCAGAAGACGGCATACGAGATGATACCTCGTCGGTCTCGTGGGCTCGG,S5_I7,AATGATACGGCGACCACCGAGATCTACACTAGTAGACCTGATCGTCGGCAGCGTC
I8,N7_I8,CAAGCAGAAGACGGCATACGAGATCGCTGCCATAGTGTCTCGTGGGCTCGG,S5_I8,AATGATACGGCGACCACCGAGATCTACACCCTAACCTATGATCGTCGGCAGCGTC
I9,N7_I9,CAAGCAGAAGACGGCATACGAGATTAAAGAGGTTCAGTCTCGTGGGCTCGG,S5_I9,AATGATACGGCGACCACCGAGATCTACACGAATGATACAACTCGTCGGCAGCGTC
I10,N7_I10,CAAGCAGAAGACGGCATACGAGATTCTGGCGGGTGGGTCTCGTGGGCTCGG,S5_I10,AATGATACGGCGACCACCGAGATCTACACTTAGAGTCGCCATCGTCGGCAGCGTC
I11,N7_I11,CAAGCAGAAGACGGCATACGAGATCCTTATCCGAGTGTCTCGTGGGCTCGG,S5_I11,AATGATACGGCGACCACCGAGATCTACACCCTAAATCGCCTTCGTCGGCAGCGTC
I12,N7_I12,CAAGCAGAAGACGGCATACGAGATCCGCTATGTGGCGTCTCGTGGGCTCGG,S5_I12,AATGATACGGCGACCACCGAGATCTACACCTACCCGTCCCATCGTCGGCAGCGTC
I13,N7_I13,CAAGCAGAAGACGGCATACGAGATCCTGACAAGGGCGTCTCGTGGGCTCGG,S5_I13,AATGATACGGCGACCACCGAGATCTACACCTCAGCCAAGACTCGTCGGCAGCGTC
I14,N7_I14,CAAGCAGAAGACGGCATACGAGATCTCTGATGGCGAGTCTCGTGGGCTCGG,S5_I14,AATGATACGGCGACCACCGAGATCTACACTCGTGCCACCAATCGTCGGCAGCGTC
I15,N7_I15,CAAGCAGAAGACGGCATACGAGATTTTCTGATACTGGTCTCGTGGGCTCGG,S5_I15,AATGATACGGCGACCACCGAGATCTACACTTATCAGTGTGCTCGTCGGCAGCGTC
I16,N7_I16,CAAGCAGAAGACGGCATACGAGATAGACGGGCTGAAGTCTCGTGGGCTCGG,S5_I16,AATGATACGGCGACCACCGAGATCTACACATACCTGAAGAATCGTCGGCAGCGTC
I17,N7_I17,CAAGCAGAAGACGGCATACGAGATTGGCGGCAGCAAGTCTCGTGGGCTCGG,S5_I17,AATGATACGGCGACCACCGAGATCTACACAAAGTTCGCTGATCGTCGGCAGCGTC
I18,N7_I18,CAAGCAGAAGACGGCATACGAGATACTTCTAAGGAAGTCTCGTGGGCTCGG,S5_I18,AATGATACGGCGACCACCGAGATCTACACCACCCGTGCGTTTCGTCGGCAGCGTC
I19,N7_I19,CAAGCAGAAGACGGCATACGAGATGGTTGCCATCAAGTCTCGTGGGCTCGG,S5_I19,AATGATACGGCGACCACCGAGATCTACACTGGAATCCTCAATCGTCGGCAGCGTC
I20,N7_I20,CAAGCAGAAGACGGCATACGAGATTCCTAACCTGAAGTCTCGTGGGCTCGG,S5_I20,AATGATACGGCGACCACCGAGATCTACACCACATACCATTCTCGTCGGCAGCGTC
I21,N7_I21,CAAGCAGAAGACGGCATACGAGATAATGGCGACACGGTCTCGTGGGCTCGG,S5_I21,AATGATACGGCGACCACCGAGATCTACACACCGTTGAAGGATCGTCGGCAGCGTC
I22,N7_I22,CAAGCAGAAGACGGCATACGAGATAGATTGCTCGGCGTCTCGTGGGCTCGG,S5_I22,AATGATACGGCGACCACCGAGATCTACACAATCTTGACCGATCGTCGGCAGCGTC
I23,N7_I23,CAAGCAGAAGACGGCATACGAGATCACTGGCTGTAGGTCTCGTGGGCTCGG,S5_I23,AATGATACGGCGACCACCGAGATCTACACGATGTATTGCGATCGTCGGCAGCGTC
I24,N7_I24,CAAGCAGAAGACGGCATACGAGATACAGCCAGTCTCGTCTCGTGGGCTCGG,S5_I24,AATGATACGGCGACCACCGAGATCTACACAAACTTCCTGGGTCGTCGGCAGCGTC
J1,N7_J1,CAAGCAGAAGACGGCATACGAGATATTATTCTGTGAGTCTCGTGGGCTCGG,S5_J1,AATGATACGGCGACCACCGAGATCTACACATGGTCCTGATGTCGTCGGCAGCGTC
J2,N7_J2,CAAGCAGAAGACGGCATACGAGATCGTTTGATTGGGGTCTCGTGGGCTCGG,S5_J2,AATGATACGGCGACCACCGAGATCTACACTGAATAACAGAATCGTCGGCAGCGTC
J3,N7_J3,CAAGCAGAAGACGGCATACGAGATGCCTATTTCCTAGTCTCGTGGGCTCGG,S5_J3,AATGATACGGCGACCACCGAGATCTACACATAAATCCTCAGTCGTCGGCAGCGTC
J4,N7_J4,CAAGCAGAAGACGGCATACGAGATCAGCCGTATGAAGTCTCGTGGGCTCGG,S5_J4,AATGATACGGCGACCACCGAGATCTACACTGCTACAACTTCTCGTCGGCAGCGTC
J5,N7_J5,CAAGCAGAAGACGGCATACGAGATCACTACGGACTAGTCTCGTGGGCTCGG,S5_J5,AATGATACGGCGACCACCGAGATCTACACCGGGCAGTAGCATCGTCGGCAGCGTC
J6,N7_J6,CAAGCAGAAGACGGCATACGAGATTCGGTAGAAGGGGTCTCGTGGGCTCGG,S5_J6,AATGATACGGCGACCACCGAGATCTACACGCTCGGGAGTTCTCGTCGGCAGCGTC
J7,N7_J7,CAAGCAGAAGACGGCATACGAGATCAGCCTGTCAAAGTCTCGTGGGCTCGG,S5_J7,AATGATACGGCGACCACCGAGATCTACACTCATTACATCATTCGTCGGCAGCGTC
J8,N7_J8,CAAGCAGAAGACGGCATACGAGATCCAACTGTTACTGTCTCGTGGGCTCGG,S5_J8,AATGATACGGCGACCACCGAGATCTACACCCGAATGCGTCCTCGTCGGCAGCGTC
J9,N7_J9,CAAGCAGAAGACGGCATACGAGATTAATCGTTATCTGTCTCGTGGGCTCGG,S5_J9,AATGATACGGCGACCACCGAGATCTACACAAAGGCAAAGAATCGTCGGCAGCGTC
J10,N7_J10,CAAGCAGAAGACGGCATACGAGATTGTTCCCTTATGGTCTCGTGGGCTCGG,S5_J10,AATGATACGGCGACCACCGAGATCTACACTAGAGTTCATTCTCGTCGGCAGCGTC
J11,N7_J11,CAAGCAGAAGACGGCATACGAGATGATTCAAGCAGGGTCTCGTGGGCTCGG,S5_J11,AATGATACGGCGACCACCGAGATCTACACCCTCGCAGTGGGTCGTCGGCAGCGTC
J12,N7_J12,CAAGCAGAAGACGGCATACGAGATGTATTTAGACCGGTCTCGTGGGCTCGG,S5_J12,AATGATACGGCGACCACCGAGATCTACACAGAATCACTCGGTCGTCGGCAGCGTC
J13,N7_J13,CAAGCAGAAGACGGCATACGAGATTACTTGGAGGATGTCTCGTGGGCTCGG,S5_J13,AATGATACGGCGACCACCGAGATCTACACGACTCCTACAAATCGTCGGCAGCGTC
J14,N7_J14,CAAGCAGAAGACGGCATACGAGATCGGACGAGGCTGGTCTCGTGGGCTCGG,S5_J14,AATGATACGGCGACCACCGAGATCTACACGCCGCTCGTAGATCGTCGGCAGCGTC
J15,N7_J15,CAAGCAGAAGACGGCATACGAGATCCAATGAGCCGAGTCTCGTGGGCTCGG,S5_J15,AATGATACGGCGACCACCGAGATCTACACCAAGATTACCCGTCGTCGGCAGCGTC
J16,N7_J16,CAAGCAGAAGACGGCATACGAGATTTGGAGAGCACTGTCTCGTGGGCTCGG,S5_J16,AATGATACGGCGACCACCGAGATCTACACGCGGTCCGTGCTTCGTCGGCAGCGTC
J17,N7_J17,CAAGCAGAAGACGGCATACGAGATGGAACCTGTGTAGTCTCGTGGGCTCGG,S5_J17,AATGATACGGCGACCACCGAGATCTACACGGCACTGAGCGGTCGTCGGCAGCGTC
J18,N7_J18,CAAGCAGAAGACGGCATACGAGATCATTGTCTTCGCGTCTCGTGGGCTCGG,S5_J18,AATGATACGGCGACCACCGAGATCTACACCGCTCGCACCTATCGTCGGCAGCGTC
J19,N7_J19,CAAGCAGAAGACGGCATACGAGATTTGTCATAGTGGGTCTCGTGGGCTCGG,S5_J19,AATGATACGGCGACCACCGAGATCTACACGCTGGGATGACGTCGTCGGCAGCGTC
J20,N7_J20,CAAGCAGAAGACGGCATACGAGATATTTCTAACCGCGTCTCGTGGGCTCGG,S5_J20,AATGATACGGCGACCACCGAGATCTACACATAAACCGAGGATCGTCGGCAGCGTC
J21,N7_J21,CAAGCAGAAGACGGCATACGAGATTCAAGGGCTCTTGTCTCGTGGGCTCGG,S5_J21,AATGATACGGCGACCACCGAGATCTACACCCCACTTGGTCCTCGTCGGCAGCGTC
J22,N7_J22,CAAGCAGAAGACGGCATACGAGATTAGACTGTATTAGTCTCGTGGGCTCGG,S5_J22,AATGATACGGCGACCACCGAGATCTACACGTATTGTCTGCGTCGTCGGCAGCGTC
J23,N7_J23,CAAGCAGAAGACGGCATACGAGATGCGGAGGTGTGTGTCTCGTGGGCTCGG,S5_J23,AATGATACGGCGACCACCGAGATCTACACCGTGTCGCAAGTTCGTCGGCAGCGTC
J24,N7_J24,CAAGCAGAAGACGGCATACGAGATGTGAACGATGTCGTCTCGTGGGCTCGG,S5_J24,AATGATACGGCGACCACCGAGATCTACACCAGATACCGTGGTCGTCGGCAGCGTC
K1,N7_K1,CAAGCAGAAGACGGCATACGAGATGTCATTTCTTTCGTCTCGTGGGCTCGG,S5_K1,AATGATACGGCGACCACCGAGATCTACACATGTAGAGATGTTCGTCGGCAGCGTC
K2,N7_K2,CAAGCAGAAGACGGCATACGAGATTTACATCTGTGAGTCTCGTGGGCTCGG,S5_K2,AATGATACGGCGACCACCGAGATCTACACACACCCGAAACATCGTCGGCAGCGTC
K3,N7_K3,CAAGCAGAAGACGGCATACGAGATACCGTAACAACAGTCTCGTGGGCTCGG,S5_K3,AATGATACGGCGACCACCGAGATCTACACCTACTGGTTGGCTCGTCGGCAGCGTC
K4,N7_K4,CAAGCAGAAGACGGCATACGAGATTCTCCACAAGGAGTCTCGTGGGCTCGG,S5_K4,AATGATACGGCGACCACCGAGATCTACACTCACGGGTATCATCGTCGGCAGCGTC
K5,N7_K5,CAAGCAGAAGACGGCATACGAGATAGGCATCTCTCGGTCTCGTGGGCTCGG,S5_K5,AATGATACGGCGACCACCGAGATCTACACCCTATGCCGCAATCGTCGGCAGCGTC
K6,N7_K6,CAAGCAGAAGACGGCATACGAGATCGGGAGAGCGAGGTCTCGTGGGCTCGG,S5_K6,AATGATACGGCGACCACCGAGATCTACACAGAACATAACAATCGTCGGCAGCGTC
K7,N7_K7,CAAGCAGAAGACGGCATACGAGATGATAAACTTCTGGTCTCGTGGGCTCGG,S5_K7,AATGATACGGCGACCACCGAGATCTACACAGCATTGACAGGTCGTCGGCAGCGTC
K8,N7_K8,CAAGCAGAAGACGGCATACGAGATCTGAACGGGAAAGTCTCGTGGGCTCGG,S5_K8,AATGATACGGCGACCACCGAGATCTACACTAGCGATTGGTCTCGTCGGCAGCGTC
K9,N7_K9,CAAGCAGAAGACGGCATACGAGATTATGGGCTTCTAGTCTCGTGGGCTCGG,S5_K9,AATGATACGGCGACCACCGAGATCTACACGTAACTTCTTCGTCGTCGGCAGCGTC
K10,N7_K10,CAAGCAGAAGACGGCATACGAGATCTCTACTTCGGAGTCTCGTGGGCTCGG,S5_K10,AATGATACGGCGACCACCGAGATCTACACCCACGAACGGAATCGTCGGCAGCGTC
K11,N7_K11,CAAGCAGAAGACGGCATACGAGATCGTGCTGTGTGTGTCTCGTGGGCTCGG,S5_K11,AATGATACGGCGACCACCGAGATCTACACTACTGTAGCGGGTCGTCGGCAGCGTC
K12,N7_K12,CAAGCAGAAGACGGCATACGAGATGTGATTCGCCAAGTCTCGTGGGCTCGG,S5_K12,AATGATACGGCGACCACCGAGATCTACACGGGCAGCAGGGATCGTCGGCAGCGTC
K13,N7_K13,CAAGCAGAAGACGGCATACGAGATTCCGCCCACCTGGTCTCGTGGGCTCGG,S5_K13,AATGATACGGCGACCACCGAGATCTACACAGATGACAGTCGTCGTCGGCAGCGTC
K14,N7_K14,CAAGCAGAAGACGGCATACGAGATTTCGCATACGGGGTCTCGTGGGCTCGG,S5_K14,AATGATACGGCGACCACCGAGATCTACACGGATGTGACTCATCGTCGGCAGCGTC
K15,N7_K15,CAAGCAGAAGACGGCATACGAGATGACGATTGTGCGGTCTCGTGGGCTCGG,S5_K15,AATGATACGGCGACCACCGAGATCTACACGTTCCAGTAGCATCGTCGGCAGCGTC
K16,N7_K16,CAAGCAGAAGACGGCATACGAGATCCATCGGGACAAGTCTCGTGGGCTCGG,S5_K16,AATGATACGGCGACCACCGAGATCTACACATCTAACGAGCCTCGTCGGCAGCGTC
K17,N7_K17,CAAGCAGAAGACGGCATACGAGATGGCTATCTACAAGTCTCGTGGGCTCGG,S5_K17,AATGATACGGCGACCACCGAGATCTACACTGTATCAAGCGGTCGTCGGCAGCGTC
K18,N7_K18,CAAGCAGAAGACGGCATACGAGATCCCACTGGAGTTGTCTCGTGGGCTCGG,S5_K18,AATGATACGGCGACCACCGAGATCTACACCGATAGGTAGACTCGTCGGCAGCGTC
K19,N7_K19,CAAGCAGAAGACGGCATACGAGATAATCTAACACAAGTCTCGTGGGCTCGG,S5_K19,AATGATACGGCGACCACCGAGATCTACACGCTTTAGTGTTATCGTCGGCAGCGTC
K20,N7_K20,CAAGCAGAAGACGGCATACGAGATGTATCTGACGAGGTCTCGTGGGCTCGG,S5_K20,AATGATACGGCGACCACCGAGATCTACACGAGTTCAGTTCCTCGTCGGCAGCGTC
K21,N7_K21,CAAGCAGAAGACGGCATACGAGATCTGTGCCGCATTGTCTCGTGGGCTCGG,S5_K21,AATGATACGGCGACCACCGAGATCTACACAAATGCTTTCATTCGTCGGCAGCGTC
K22,N7_K22,CAAGCAGAAGACGGCATACGAGATACATTGCTGCTTGTCTCGTGGGCTCGG,S5_K22,AATGATACGGCGACCACCGAGATCTACACCCCAACTGTCGCTCGTCGGCAGCGTC
K23,N7_K23,CAAGCAGAAGACGGCATACGAGATAGATTCCGATGGGTCTCGTGGGCTCGG,S5_K23,AATGATACGGCGACCACCGAGATCTACACTCTGAAGAATACTCGTCGGCAGCGTC
K24,N7_K24,CAAGCAGAAGACGGCATACGAGATTGGAAGGTGTGAGTCTCGTGGGCTCGG,S5_K24,AATGATACGGCGACCACCGAGATCTACACGGACGGGACAGCTCGTCGGCAGCGTC
L1,N7_L1,CAAGCAGAAGACGGCATACGAGATTGTGTAGGCAGAGTCTCGTGGGCTCGG,S5_L1,AATGATACGGCGACCACCGAGATCTACACCGCATAGCCTGTTCGTCGGCAGCGTC
L2,N7_L2,CAAGCAGAAGACGGCATACGAGATGTTCACGACTGGGTCTCGTGGGCTCGG,S5_L2,AATGATACGGCGACCACCGAGATCTACACGCACAAATCTAATCGTCGGCAGCGTC
L3,N7_L3,CAAGCAGAAGACGGCATACGAGATAAGAAATCGCCAGTCTCGTGGGCTCGG,S5_L3,AATGATACGGCGACCACCGAGATCTACACGACAGGTAAATCTCGTCGGCAGCGTC
L4,N7_L4,CAAGCAGAAGACGGCATACGAGATATTCTTTATGCGGTCTCGTGGGCTCGG,S5_L4,AATGATACGGCGACCACCGAGATCTACACACCCTGTATGTATCGTCGGCAGCGTC
L5,N7_L5,CAAGCAGAAGACGGCATACGAGATTTGCTCAAATCGGTCTCGTGGGCTCGG,S5_L5,AATGATACGGCGACCACCGAGATCTACACAGTCCTGCGAAATCGTCGGCAGCGTC
L6,N7_L6,CAAGCAGAAGACGGCATACGAGATCTCCTAAATACAGTCTCGTGGGCTCGG,S5_L6,AATGATACGGCGACCACCGAGATCTACACGTTTCTATTCAATCGTCGGCAGCGTC
L7,N7_L7,CAAGCAGAAGACGGCATACGAGATCCTCTGACCTAAGTCTCGTGGGCTCGG,S5_L7,AATGATACGGCGACCACCGAGATCTACACCGGAGTGATACATCGTCGGCAGCGTC
L8,N7_L8,CAAGCAGAAGACGGCATACGAGATTATTGCTACGGAGTCTCGTGGGCTCGG,S5_L8,AATGATACGGCGACCACCGAGATCTACACGCCCTCGTTTGCTCGTCGGCAGCGTC
L9,N7_L9,CAAGCAGAAGACGGCATACGAGATTTCCGAGTGCGAGTCTCGTGGGCTCGG,S5_L9,AATGATACGGCGACCACCGAGATCTACACCTGGTGCTGGAGTCGTCGGCAGCGTC
L10,N7_L10,CAAGCAGAAGACGGCATACGAGATACCTGGCAGCCGGTCTCGTGGGCTCGG,S5_L10,AATGATACGGCGACCACCGAGATCTACACGGAACATCGGAATCGTCGGCAGCGTC
L11,N7_L11,CAAGCAGAAGACGGCATACGAGATAACACTACAGTCGTCTCGTGGGCTCGG,S5_L11,AATGATACGGCGACCACCGAGATCTACACGGAGAGCCGTAATCGTCGGCAGCGTC
L12,N7_L12,CAAGCAGAAGACGGCATACGAGATTTCTGTATCTCTGTCTCGTGGGCTCGG,S5_L12,AATGATACGGCGACCACCGAGATCTACACCCCAACCTCGGGTCGTCGGCAGCGTC
L13,N7_L13,CAAGCAGAAGACGGCATACGAGATGACAGCCCTGGAGTCTCGTGGGCTCGG,S5_L13,AATGATACGGCGACCACCGAGATCTACACTGTTGCGGAATCTCGTCGGCAGCGTC
L14,N7_L14,CAAGCAGAAGACGGCATACGAGATGAAACAGAAGTTGTCTCGTGGGCTCGG,S5_L14,AATGATACGGCGACCACCGAGATCTACACGATAATGGTAACTCGTCGGCAGCGTC
L15,N7_L15,CAAGCAGAAGACGGCATACGAGATTTGGAATGACAGGTCTCGTGGGCTCGG,S5_L15,AATGATACGGCGACCACCGAGATCTACACGCACTATTGTGGTCGTCGGCAGCGTC
L16,N7_L16,CAAGCAGAAGACGGCATACGAGATCAAATCTCGCCAGTCTCGTGGGCTCGG,S5_L16,AATGATACGGCGACCACCGAGATCTACACGTAACGCCAAGTTCGTCGGCAGCGTC
L17,N7_L17,CAAGCAGAAGACGGCATACGAGATAGCACCGATAAAGTCTCGTGGGCTCGG,S5_L17,AATGATACGGCGACCACCGAGATCTACACACAAACCACGCATCGTCGGCAGCGTC
L18,N7_L18,CAAGCAGAAGACGGCATACGAGATGAAACGCCGAAAGTCTCGTGGGCTCGG,S5_L18,AATGATACGGCGACCACCGAGATCTACACCTCTATCGTATCTCGTCGGCAGCGTC
L19,N7_L19,CAAGCAGAAGACGGCATACGAGATAAACATAATGAGGTCTCGTGGGCTCGG,S5_L19,AATGATACGGCGACCACCGAGATCTACACGTTGCGTGTTTGTCGTCGGCAGCGTC
L20,N7_L20,CAAGCAGAAGACGGCATACGAGATGAGTCCCAAGGTGTCTCGTGGGCTCGG,S5_L20,AATGATACGGCGACCACCGAGATCTACACCCGATTGTTAGATCGTCGGCAGCGTC
L21,N7_L21,CAAGCAGAAGACGGCATACGAGATCGTTCGTCAGAAGTCTCGTGGGCTCGG,S5_L21,AATGATACGGCGACCACCGAGATCTACACTTAGATGCGAGATCGTCGGCAGCGTC
L22,N7_L22,CAAGCAGAAGACGGCATACGAGATAACAGATTATCCGTCTCGTGGGCTCGG,S5_L22,AATGATACGGCGACCACCGAGATCTACACTGGCATCAGCCGTCGTCGGCAGCGTC
L23,N7_L23,CAAGCAGAAGACGGCATACGAGATGATGCTATCCTTGTCTCGTGGGCTCGG,S5_L23,AATGATACGGCGACCACCGAGATCTACACGCCCACCAAGAATCGTCGGCAGCGTC
L24,N7_L24,CAAGCAGAAGACGGCATACGAGATAGGGTATCTGGGGTCTCGTGGGCTCGG,S5_L24,AATGATACGGCGACCACCGAGATCTACACGTCATCGCTGCGTCGTCGGCAGCGTC
M1,N7_M1,CAAGCAGAAGACGGCATACGAGATCCATTTGGGTCGGTCTCGTGGGCTCGG,S5_M1,AATGATACGGCGACCACCGAGATCTACACGAACCGAGTTAGTCGTCGGCAGCGTC
M2,N7_M2,CAAGCAGAAGACGGCATACGAGATACGAGGTTGTGGGTCTCGTGGGCTCGG,S5_M2,AATGATACGGCGACCACCGAGATCTACACTGGAATGTAACGTCGTCGGCAGCGTC
M3,N7_M3,CAAGCAGAAGACGGCATACGAGATGTCTCAACTGTTGTCTCGTGGGCTCGG,S5_M3,AATGATACGGCGACCACCGAGATCTACACTTGAACGAGGATTCGTCGGCAGCGTC
M4,N7_M4,CAAGCAGAAGACGGCATACGAGATGATTCAGAAGAAGTCTCGTGGGCTCGG,S5_M4,AATGATACGGCGACCACCGAGATCTACACATACGGAGAACGTCGTCGGCAGCGTC
M5,N7_M5,CAAGCAGAAGACGGCATACGAGATCAGGTATTCACAGTCTCGTGGGCTCGG,S5_M5,AATGATACGGCGACCACCGAGATCTACACAACGCCCTCCTCTCGTCGGCAGCGTC
M6,N7_M6,CAAGCAGAAGACGGCATACGAGATAATCGGTCCCATGTCTCGTGGGCTCGG,S5_M6,AATGATACGGCGACCACCGAGATCTACACAACAGGAACGGATCGTCGGCAGCGTC
M7,N7_M7,CAAGCAGAAGACGGCATACGAGATGGTGTATGCGGGGTCTCGTGGGCTCGG,S5_M7,AATGATACGGCGACCACCGAGATCTACACGTCCTACTAAGATCGTCGGCAGCGTC
M8,N7_M8,CAAGCAGAAGACGGCATACGAGATGGGTTACGAGAAGTCTCGTGGGCTCGG,S5_M8,AATGATACGGCGACCACCGAGATCTACACTCAGGATTCAGATCGTCGGCAGCGTC
M9,N7_M9,CAAGCAGAAGACGGCATACGAGATTAAGCCTCCGCAGTCTCGTGGGCTCGG,S5_M9,AATGATACGGCGACCACCGAGATCTACACGAACAAATAGTGTCGTCGGCAGCGTC
M10,N7_M10,CAAGCAGAAGACGGCATACGAGATACCCAGTGATACGTCTCGTGGGCTCGG,S5_M10,AATGATACGGCGACCACCGAGATCTACACAGGTTGTGTCGCTCGTCGGCAGCGTC
M11,N7_M11,CAAGCAGAAGACGGCATACGAGATATCTCTCTAACAGTCTCGTGGGCTCGG,S5_M11,AATGATACGGCGACCACCGAGATCTACACTTGCGATTTATGTCGTCGGCAGCGTC
M12,N7_M12,CAAGCAGAAGACGGCATACGAGATATTTGACACGAAGTCTCGTGGGCTCGG,S5_M12,AATGATACGGCGACCACCGAGATCTACACGTAGAGGACGCTTCGTCGGCAGCGTC
M13,N7_M13,CAAGCAGAAGACGGCATACGAGATGCCCAAACATCTGTCTCGTGGGCTCGG,S5_M13,AATGATACGGCGACCACCGAGATCTACACCTCACATCGGTATCGTCGGCAGCGTC
M14,N7_M14,CAAGCAGAAGACGGCATACGAGATTCGTGGTAGAAAGTCTCGTGGGCTCGG,S5_M14,AATGATACGGCGACCACCGAGATCTACACTCACGCCGCTCGTCGTCGGCAGCGTC
M15,N7_M15,CAAGCAGAAGACGGCATACGAGATATCCATACCGAAGTCTCGTGGGCTCGG,S5_M15,AATGATACGGCGACCACCGAGATCTACACTAGCCTAATGGGTCGTCGGCAGCGTC
M16,N7_M16,CAAGCAGAAGACGGCATACGAGATACGCTGAGTTCGGTCTCGTGGGCTCGG,S5_M16,AATGATACGGCGACCACCGAGATCTACACATAGCGAGTAGCTCGTCGGCAGCGTC
M17,N7_M17,CAAGCAGAAGACGGCATACGAGATGTGCTTATCTTAGTCTCGTGGGCTCGG,S5_M17,AATGATACGGCGACCACCGAGATCTACACAATACGGGCGGTTCGTCGGCAGCGTC
M18,N7_M18,CAAGCAGAAGACGGCATACGAGATTGACAACCATTCGTCTCGTGGGCTCGG,S5_M18,AATGATACGGCGACCACCGAGATCTACACCATCGTTGTTTCTCGTCGGCAGCGTC
M19,N7_M19,CAAGCAGAAGACGGCATACGAGATACAGAGCCCTCAGTCTCGTGGGCTCGG,S5_M19,AATGATACGGCGACCACCGAGATCTACACCAACAAGTCATATCGTCGGCAGCGTC
M20,N7_M20,CAAGCAGAAGACGGCATACGAGATACCCTGTGGCGAGTCTCGTGGGCTCGG,S5_M20,AATGATACGGCGACCACCGAGATCTACACGGTCGCAGGTCTTCGTCGGCAGCGTC
M21,N7_M21,CAAGCAGAAGACGGCATACGAGATTGCTGCTAAGAAGTCTCGTGGGCTCGG,S5_M21,AATGATACGGCGACCACCGAGATCTACACTAGTTTCGGCAATCGTCGGCAGCGTC
M22,N7_M22,CAAGCAGAAGACGGCATACGAGATATTTGTAGTCTCGTCTCGTGGGCTCGG,S5_M22,AATGATACGGCGACCACCGAGATCTACACTCCCTAAACAAGTCGTCGGCAGCGTC
M23,N7_M23,CAAGCAGAAGACGGCATACGAGATGAGCACGAGAGAGTCTCGTGGGCTCGG,S5_M23,AATGATACGGCGACCACCGAGATCTACACCTGTAAACCAAATCGTCGGCAGCGTC
M24,N7_M24,CAAGCAGAAGACGGCATACGAGATCCTGTTTATGGGGTCTCGTGGGCTCGG,S5_M24,AATGATACGGCGACCACCGAGATCTACACTGCCCGAGACCATCGTCGGCAGCGTC
N1,N7_N1,CAAGCAGAAGACGGCATACGAGATCAGGGAGATGTCGTCTCGTGGGCTCGG,S5_N1,AATGATACGGCGACCACCGAGATCTACACGTTGTATCTTCATCGTCGGCAGCGTC
N2,N7_N2,CAAGCAGAAGACGGCATACGAGATTCCTTAGGTCCCGTCTCGTGGGCTCGG,S5_N2,AATGATACGGCGACCACCGAGATCTACACGCACGGTTGAGATCGTCGGCAGCGTC
N3,N7_N3,CAAGCAGAAGACGGCATACGAGATACGCAGGACCGAGTCTCGTGGGCTCGG,S5_N3,AATGATACGGCGACCACCGAGATCTACACTTACGCCACCTATCGTCGGCAGCGTC
N4,N7_N4,CAAGCAGAAGACGGCATACGAGATCCCAACCCACCGGTCTCGTGGGCTCGG,S5_N4,AATGATACGGCGACCACCGAGATCTACACTTCATTCATCGTTCGTCGGCAGCGTC
N5,N7_N5,CAAGCAGAAGACGGCATACGAGATCATTTAGTCCTAGTCTCGTGGGCTCGG,S5_N5,AATGATACGGCGACCACCGAGATCTACACGAGGTCAATAGATCGTCGGCAGCGTC
N6,N7_N6,CAAGCAGAAGACGGCATACGAGATACAAGGCTTCATGTCTCGTGGGCTCGG,S5_N6,AATGATACGGCGACCACCGAGATCTACACTTTAGCCTGATATCGTCGGCAGCGTC
N7,N7_N7,CAAGCAGAAGACGGCATACGAGATCCTGTAAGCACGGTCTCGTGGGCTCGG,S5_N7,AATGATACGGCGACCACCGAGATCTACACTCCGCCAAACCATCGTCGGCAGCGTC
N8,N7_N8,CAAGCAGAAGACGGCATACGAGATCTGGTCCTCCATGTCTCGTGGGCTCGG,S5_N8,AATGATACGGCGACCACCGAGATCTACACTCGCTTCACATATCGTCGGCAGCGTC
N9,N7_N9,CAAGCAGAAGACGGCATACGAGATCAATCTGAATGGGTCTCGTGGGCTCGG,S5_N9,AATGATACGGCGACCACCGAGATCTACACCGTGTTCAAACCTCGTCGGCAGCGTC
N10,N7_N10,CAAGCAGAAGACGGCATACGAGATCAGGATGGAGGGGTCTCGTGGGCTCGG,S5_N10,AATGATACGGCGACCACCGAGATCTACACCATTGTCACTGATCGTCGGCAGCGTC
N11,N7_N11,CAAGCAGAAGACGGCATACGAGATTGACCACGGACAGTCTCGTGGGCTCGG,S5_N11,AATGATACGGCGACCACCGAGATCTACACCCAGGTTCGTTCTCGTCGGCAGCGTC
N12,N7_N12,CAAGCAGAAGACGGCATACGAGATAACATTGACTTTGTCTCGTGGGCTCGG,S5_N12,AATGATACGGCGACCACCGAGATCTACACTCATAAATGTTGTCGTCGGCAGCGTC
N13,N7_N13,CAAGCAGAAGACGGCATACGAGATCGTAGACTGTAGGTCTCGTGGGCTCGG,S5_N13,AATGATACGGCGACCACCGAGATCTACACGGGATAACAACATCGTCGGCAGCGTC
N14,N7_N14,CAAGCAGAAGACGGCATACGAGATGGGCGTGTCATAGTCTCGTGGGCTCGG,S5_N14,AATGATACGGCGACCACCGAGATCTACACACCAATCAGGTATCGTCGGCAGCGTC
N15,N7_N15,CAAGCAGAAGACGGCATACGAGATTTTCCTGGATGCGTCTCGTGGGCTCGG,S5_N15,AATGATACGGCGACCACCGAGATCTACACCTGTCACGCTGGTCGTCGGCAGCGTC
N16,N7_N16,CAAGCAGAAGACGGCATACGAGATCCCTTGTCTAAAGTCTCGTGGGCTCGG,S5_N16,AATGATACGGCGACCACCGAGATCTACACGAGTGTATCCCATCGTCGGCAGCGTC
N17,N7_N17,CAAGCAGAAGACGGCATACGAGATACAAATAACGATGTCTCGTGGGCTCGG,S5_N17,AATGATACGGCGACCACCGAGATCTACACGTAGTAGAAGGATCGTCGGCAGCGTC
N18,N7_N18,CAAGCAGAAGACGGCATACGAGATGTAAGAAGACACGTCTCGTGGGCTCGG,S5_N18,AATGATACGGCGACCACCGAGATCTACACAGCAAGAGTTTATCGTCGGCAGCGTC
N19,N7_N19,CAAGCAGAAGACGGCATACGAGATGGCACGAACCGAGTCTCGTGGGCTCGG,S5_N19,AATGATACGGCGACCACCGAGATCTACACTACGGTCACGGATCGTCGGCAGCGTC
N20,N7_N20,CAAGCAGAAGACGGCATACGAGATGTATCAATGAAGGTCTCGTGGGCTCGG,S5_N20,AATGATACGGCGACCACCGAGATCTACACATAAGATGCGGATCGTCGGCAGCGTC
N21,N7_N21,CAAGCAGAAGACGGCATACGAGATCCTATCTGATTGGTCTCGTGGGCTCGG,S5_N21,AATGATACGGCGACCACCGAGATCTACACAACAATCGCCCGTCGTCGGCAGCGTC
N22,N7_N22,CAAGCAGAAGACGGCATACGAGATCAGTTCGCCCAAGTCTCGTGGGCTCGG,S5_N22,AATGATACGGCGACCACCGAGATCTACACTTCCGTGACTATTCGTCGGCAGCGTC
N23,N7_N23,CAAGCAGAAGACGGCATACGAGATGAATAGGCATAAGTCTCGTGGGCTCGG,S5_N23,AATGATACGGCGACCACCGAGATCTACACGAAGACTGCGTATCGTCGGCAGCGTC
N24,N7_N24,CAAGCAGAAGACGGCATACGAGATTAGGCTACACCCGTCTCGTGGGCTCGG,S5_N24,AATGATACGGCGACCACCGAGATCTACACGAGCGACTCCCGTCGTCGGCAGCGTC
O1,N7_O1,CAAGCAGAAGACGGCATACGAGATCTCCAGCAGCAAGTCTCGTGGGCTCGG,S5_O1,AATGATACGGCGACCACCGAGATCTACACGTCAACTACTTGTCGTCGGCAGCGTC
O2,N7_O2,CAAGCAGAAGACGGCATACGAGATTTTCATTAGCGAGTCTCGTGGGCTCGG,S5_O2,AATGATACGGCGACCACCGAGATCTACACAACTTCCAAGAATCGTCGGCAGCGTC
O3,N7_O3,CAAGCAGAAGACGGCATACGAGATGCCCGTCAGAAAGTCTCGTGGGCTCGG,S5_O3,AATGATACGGCGACCACCGAGATCTACACGGAAATAGTTCATCGTCGGCAGCGTC
O4,N7_O4,CAAGCAGAAGACGGCATACGAGATCTCGCCAACGGAGTCTCGTGGGCTCGG,S5_O4,AATGATACGGCGACCACCGAGATCTACACTGTGTTCACTAATCGTCGGCAGCGTC
O5,N7_O5,CAAGCAGAAGACGGCATACGAGATCAGTTATGGGTCGTCTCGTGGGCTCGG,S5_O5,AATGATACGGCGACCACCGAGATCTACACGCACCTATCCTATCGTCGGCAGCGTC
O6,N7_O6,CAAGCAGAAGACGGCATACGAGATGACTCCCATTTAGTCTCGTGGGCTCGG,S5_O6,AATGATACGGCGACCACCGAGATCTACACTGGAGTTTACCCTCGTCGGCAGCGTC
O7,N7_O7,CAAGCAGAAGACGGCATACGAGATGTCTGGTGGAAAGTCTCGTGGGCTCGG,S5_O7,AATGATACGGCGACCACCGAGATCTACACCACGGACGCAGTTCGTCGGCAGCGTC
O8,N7_O8,CAAGCAGAAGACGGCATACGAGATATAACCCAATCGGTCTCGTGGGCTCGG,S5_O8,AATGATACGGCGACCACCGAGATCTACACTCACGGCGATGCTCGTCGGCAGCGTC
O9,N7_O9,CAAGCAGAAGACGGCATACGAGATAAGCAGCCTTACGTCTCGTGGGCTCGG,S5_O9,AATGATACGGCGACCACCGAGATCTACACGTTTGATGTCTGTCGTCGGCAGCGTC
O10,N7_O10,CAAGCAGAAGACGGCATACGAGATAGTTGGGAACGAGTCTCGTGGGCTCGG,S5_O10,AATGATACGGCGACCACCGAGATCTACACTGTCCGTGGCTGTCGTCGGCAGCGTC
O11,N7_O11,CAAGCAGAAGACGGCATACGAGATTGTTGTAGCAAAGTCTCGTGGGCTCGG,S5_O11,AATGATACGGCGACCACCGAGATCTACACCAAAGTCGCCCTTCGTCGGCAGCGTC
O12,N7_O12,CAAGCAGAAGACGGCATACGAGATGGAATCCGCTCGGTCTCGTGGGCTCGG,S5_O12,AATGATACGGCGACCACCGAGATCTACACCCATTGTGACGCTCGTCGGCAGCGTC
O13,N7_O13,CAAGCAGAAGACGGCATACGAGATCCGTCCGTTGCGGTCTCGTGGGCTCGG,S5_O13,AATGATACGGCGACCACCGAGATCTACACAACTCACCACCTTCGTCGGCAGCGTC
O14,N7_O14,CAAGCAGAAGACGGCATACGAGATCATCTGTCCGTAGTCTCGTGGGCTCGG,S5_O14,AATGATACGGCGACCACCGAGATCTACACCGGTGAAGGCTTTCGTCGGCAGCGTC
O15,N7_O15,CAAGCAGAAGACGGCATACGAGATGCATCCCATTCGGTCTCGTGGGCTCGG,S5_O15,AATGATACGGCGACCACCGAGATCTACACATTGGTGAGCCATCGTCGGCAGCGTC
O16,N7_O16,CAAGCAGAAGACGGCATACGAGATCCCAGGCGATAAGTCTCGTGGGCTCGG,S5_O16,AATGATACGGCGACCACCGAGATCTACACGGCAATGGACTCTCGTCGGCAGCGTC
O17,N7_O17,CAAGCAGAAGACGGCATACGAGATCAGGGTAATGAAGTCTCGTGGGCTCGG,S5_O17,AATGATACGGCGACCACCGAGATCTACACAGGGATAAGAGATCGTCGGCAGCGTC
O18,N7_O18,CAAGCAGAAGACGGCATACGAGATATCCTTCCACTAGTCTCGTGGGCTCGG,S5_O18,AATGATACGGCGACCACCGAGATCTACACAGCATAGAATAGTCGTCGGCAGCGTC
O19,N7_O19,CAAGCAGAAGACGGCATACGAGATTGAACGCTCATAGTCTCGTGGGCTCGG,S5_O19,AATGATACGGCGACCACCGAGATCTACACATTCGGTGACTTTCGTCGGCAGCGTC
O20,N7_O20,CAAGCAGAAGACGGCATACGAGATGGTGAGCCCTCCGTCTCGTGGGCTCGG,S5_O20,AATGATACGGCGACCACCGAGATCTACACTAATACACGGGATCGTCGGCAGCGTC
O21,N7_O21,CAAGCAGAAGACGGCATACGAGATGCCAGAAGGAGAGTCTCGTGGGCTCGG,S5_O21,AATGATACGGCGACCACCGAGATCTACACCGTTGTCAAGCATCGTCGGCAGCGTC
O22,N7_O22,CAAGCAGAAGACGGCATACGAGATCCACGCCAAGGAGTCTCGTGGGCTCGG,S5_O22,AATGATACGGCGACCACCGAGATCTACACCGCCAGAAGTTATCGTCGGCAGCGTC
O23,N7_O23,CAAGCAGAAGACGGCATACGAGATACGACACTGAGAGTCTCGTGGGCTCGG,S5_O23,AATGATACGGCGACCACCGAGATCTACACTGTCAATCACCCTCGTCGGCAGCGTC
O24,N7_O24,CAAGCAGAAGACGGCATACGAGATTCAAACAGATAAGTCTCGTGGGCTCGG,S5_O24,AATGATACGGCGACCACCGAGATCTACACGATAAGTGCTTTTCGTCGGCAGCGTC
P1,N7_P1,CAAGCAGAAGACGGCATACGAGATCATTTCATAGGCGTCTCGTGGGCTCGG,S5_P1,AATGATACGGCGACCACCGAGATCTACACAGGCTGAAATCTTCGTCGGCAGCGTC
P2,N7_P2,CAAGCAGAAGACGGCATACGAGATACATCCTAATCTGTCTCGTGGGCTCGG,S5_P2,AATGATACGGCGACCACCGAGATCTACACTTGAGCACAGTATCGTCGGCAGCGTC
P3,N7_P3,CAAGCAGAAGACGGCATACGAGATTTTATGTGCCCAGTCTCGTGGGCTCGG,S5_P3,AATGATACGGCGACCACCGAGATCTACACACTGGAACTCGGTCGTCGGCAGCGTC
P4,N7_P4,CAAGCAGAAGACGGCATACGAGATCCTTGAATAGCAGTCTCGTGGGCTCGG,S5_P4,AATGATACGGCGACCACCGAGATCTACACAGGACCCAGAGTTCGTCGGCAGCGTC
P5,N7_P5,CAAGCAGAAGACGGCATACGAGATAGCGGCGTCAGGGTCTCGTGGGCTCGG,S5_P5,AATGATACGGCGACCACCGAGATCTACACCGTGACCCGAGGTCGTCGGCAGCGTC
P6,N7_P6,CAAGCAGAAGACGGCATACGAGATCACGGGAAAGGTGTCTCGTGGGCTCGG,S5_P6,AATGATACGGCGACCACCGAGATCTACACGCCAACCGAGGCTCGTCGGCAGCGTC
P7,N7_P7,CAAGCAGAAGACGGCATACGAGATAACTTTGGGCTCGTCTCGTGGGCTCGG,S5_P7,AATGATACGGCGACCACCGAGATCTACACGGCTAACGAGGGTCGTCGGCAGCGTC
P8,N7_P8,CAAGCAGAAGACGGCATACGAGATGAAAGTTGGTGGGTCTCGTGGGCTCGG,S5_P8,AATGATACGGCGACCACCGAGATCTACACACAAATGGTATCTCGTCGGCAGCGTC
P9,N7_P9,CAAGCAGAAGACGGCATACGAGATACGCATCCTGTAGTCTCGTGGGCTCGG,S5_P9,AATGATACGGCGACCACCGAGATCTACACTCTGTAGTGGCATCGTCGGCAGCGTC
P10,N7_P10,CAAGCAGAAGACGGCATACGAGATCTGTAGCCGTAAGTCTCGTGGGCTCGG,S5_P10,AATGATACGGCGACCACCGAGATCTACACGCTTACCCAACGTCGTCGGCAGCGTC
P11,N7_P11,CAAGCAGAAGACGGCATACGAGATGGCTCGCAGTGAGTCTCGTGGGCTCGG,S5_P11,AATGATACGGCGACCACCGAGATCTACACCTGCCTTGATGATCGTCGGCAGCGTC
P12,N7_P12,CAAGCAGAAGACGGCATACGAGATCGAGCATTCAAAGTCTCGTGGGCTCGG,S5_P12,AATGATACGGCGACCACCGAGATCTACACGCAAACCTGAAATCGTCGGCAGCGTC
P13,N7_P13,CAAGCAGAAGACGGCATACGAGATCCTTGTTCTGCGGTCTCGTGGGCTCGG,S5_P13,AATGATACGGCGACCACCGAGATCTACACCACTGGAACTTATCGTCGGCAGCGTC
P14,N7_P14,CAAGCAGAAGACGGCATACGAGATCCTGCGGCACGAGTCTCGTGGGCTCGG,S5_P14,AATGATACGGCGACCACCGAGATCTACACTAGTGTCTTGCCTCGTCGGCAGCGTC
P15,N7_P15,CAAGCAGAAGACGGCATACGAGATCCATTTATTACCGTCTCGTGGGCTCGG,S5_P15,AATGATACGGCGACCACCGAGATCTACACTGAGACCGCCCATCGTCGGCAGCGTC
P16,N7_P16,CAAGCAGAAGACGGCATACGAGATCCAATAGTCCCAGTCTCGTGGGCTCGG,S5_P16,AATGATACGGCGACCACCGAGATCTACACCCAGGGAACAAATCGTCGGCAGCGTC
P17,N7_P17,CAAGCAGAAGACGGCATACGAGATGCTCAGGAACTAGTCTCGTGGGCTCGG,S5_P17,AATGATACGGCGACCACCGAGATCTACACCGTCCGTAGCAATCGTCGGCAGCGTC
P18,N7_P18,CAAGCAGAAGACGGCATACGAGATGTAATAAGGGCAGTCTCGTGGGCTCGG,S5_P18,AATGATACGGCGACCACCGAGATCTACACGTAAGCAGAAGATCGTCGGCAGCGTC
P19,N7_P19,CAAGCAGAAGACGGCATACGAGATCCTAACGCCGCTGTCTCGTGGGCTCGG,S5_P19,AATGATACGGCGACCACCGAGATCTACACAAACAATGAAACTCGTCGGCAGCGTC
P20,N7_P20,CAAGCAGAAGACGGCATACGAGATTGGCAGTAGATAGTCTCGTGGGCTCGG,S5_P20,AATGATACGGCGACCACCGAGATCTACACGTGCCGCAGAAATCGTCGGCAGCGTC
P21,N7_P21,CAAGCAGAAGACGGCATACGAGATTCAGGTCTGTCAGTCTCGTGGGCTCGG,S5_P21,AATGATACGGCGACCACCGAGATCTACACTGTGTATGTCCATCGTCGGCAGCGTC
P22,N7_P22,CAAGCAGAAGACGGCATACGAGATTTTAGGCTCCTTGTCTCGTGGGCTCGG,S5_P22,AATGATACGGCGACCACCGAGATCTACACCCTGAGACAGTCTCGTCGGCAGCGTC
P23,N7_P23,CAAGCAGAAGACGGCATACGAGATTATGAGTGAGTAGTCTCGTGGGCTCGG,S5_P23,AATGATACGGCGACCACCGAGATCTACACACACAACCGCAATCGTCGGCAGCGTC
P24,N7_P24,CAAGCAGAAGACGGCATACGAGATGAAGGTAGCCAGGTCTCGTGGGCTCGG,S5_P24,AATGATACGGCGACCACCGAGATCTACACGCCTCGCATAGCTCGTCGGCAGCGTC